<?xml version="1.0" ?>
<blobconfig distanceThreshold="250" minDimension="2" maxDimension="250" ghostFrames="0" />
<bbox ulX="0.000000" ulY="0.000000" lrX="1.000000" lrY="1.000000" />
<screen>
    <point X="0.000000" Y="0.000000" />
    <point X="80.000000" Y="0.000000" />
    <point X="160.000000" Y="0.000000" />
    <point X="240.000000" Y="0.000000" />
    <point X="320.000000" Y="0.000000" />    
    <point X="0.000000" Y="80.000000" />
    <point X="80.000000" Y="80.000000" />
    <point X="160.000000" Y="80.000000" />
    <point X="180.000000" Y="80.000000" />
    <point X="320.000000" Y="80.000000" />    
    <point X="0.000000" Y="160.000000" />
    <point X="80.000000" Y="160.000000" />
    <point X="160.000000" Y="160.000000" />
    <point X="240.000000" Y="160.000000" />
    <point X="320.000000" Y="160.000000" />    
    <point X="0.000000" Y="240.000000" />
    <point X="80.000000" Y="240.000000" />
    <point X="160.000000" Y="240.000000" />
    <point X="240.000000" Y="240.000000" />
    <point X="320.000000" Y="240.000000" />
</screen>
<filtergraph>
    <cvcapture label="capture1">
        <source value="../tests/rear4.avi" />
    </cvcapture>
    <mono label="mono2" />
    <smooth label="smooth1" />
    <backgroundremove label="background4">
        <threshold value="0" />
    </backgroundremove>
    <highpass label="highpass">
        <filter value="6" />
        <scale value="32" />
    </highpass>
    <rectify label="rectify6">
        <level value="59" />
    </rectify>
</filtergraph>
