<?xml version="1.0" ?>
<blobconfig distanceThreshold="250" minDimension="2" maxDimension="250" ghostFrames="0" />
<bbox ulX="0.000000" ulY="0.000000" lrX="1.000000" lrY="1.000000" />
<screen>
    <point X="0.000000" Y="0.000000" />
    <point X="80.000000" Y="0.000000" />
    <point X="160.000000" Y="0.000000" />
    <point X="240.000000" Y="0.000000" />
    <point X="320.000000" Y="0.000000" />    
    <point X="0.000000" Y="80.000000" />
    <point X="80.000000" Y="80.000000" />
    <point X="160.000000" Y="80.000000" />
    <point X="180.000000" Y="80.000000" />
    <point X="320.000000" Y="80.000000" />    
    <point X="0.000000" Y="160.000000" />
    <point X="80.000000" Y="160.000000" />
    <point X="160.000000" Y="160.000000" />
    <point X="240.000000" Y="160.000000" />
    <point X="320.000000" Y="160.000000" />    
    <point X="0.000000" Y="240.000000" />
    <point X="80.000000" Y="240.000000" />
    <point X="160.000000" Y="240.000000" />
    <point X="240.000000" Y="240.000000" />
    <point X="320.000000" Y="240.000000" />
</screen>
<filtergraph>
    <cvcapture label="cvcapture0">
        <source value="../tests/rear4.avi" />
    </cvcapture>
    <mono label="mono1" />
    <backgroundremove label="backgroundremove3">
        <threshold value="0" />
    </backgroundremove>
    <simplehighpass label="hp">
        <blur value="13" />
        <noise value="3" />
    </simplehighpass>
    <scaler label="sc">
        <level value="70" />
    </scaler>
    <rectify label="rectify4">
        <level value="75" />
    </rectify>
</filtergraph>
